{"cameraMode":{"drawMode":0,"name":"Shaded","section":"Shading Mode"},"sceneLighting":true,"audioPlay":false,"sceneViewState":{"m_AlwaysRefresh":false,"showFog":true,"showSkybox":true,"showFlares":true,"showImageEffects":true,"showParticleSystems":true,"showVisualEffectGraphs":true,"m_FxEnabled":true},"in2DMode":false,"pivot":{"x":-14.7766752243042,"y":2.0433287620544435,"z":-17.998519897460939},"rotation":{"x":-0.01181368250399828,"y":0.9423443675041199,"z":-0.033375680446624759,"w":-0.3329326808452606},"size":12.719870567321778,"orthographic":false}